{
    "commit": "faa0a7a9c5a3550ed5461fab7d8e31c37fd1a2ef",
    "start_epoch": 1751348968.457306,
    "end_epoch": 1751349913.517451,
    "elapsed_seconds": 945.060145,
    "model": "gemini-2.5-flash",
    "input_cost_per_token": 2.5e-06,
    "output_cost_per_token": 1e-05,
    "total_input_tokens": 60453,
    "total_output_tokens": 7097,
    "total_tokens": 67550,
    "total_cost": 0.22210250000000004
}